StrengthRatio;AttackA_Verticality;DefenseA_DefensiveLine;AttackB_Verticality;DefenseB_DefensiveLine;Seq_CountersCount;Seq_CornersCount;Seq_LooseBallsCount;TeamA_Goals;TeamA_TotalXG;TeamA_XGPerShot;TeamA_PossessionShare;TeamA_ShotsTotal;TeamA_ShotsOnTarget;TeamA_ShotsBlocked;TeamA_ShotsWoodwork;TeamA_CornersWon;TeamA_LooseBallsWon;TeamA_PassesTotal;TeamA_PassesOpenPlay;TeamA_PassesCounterAttack;TeamA_PassesCorner;TeamA_PassesLooseBall;TeamA_XGOpenPlay;TeamA_XGCounterAttack;TeamA_XGCorner;TeamA_XGLooseBall;TeamB_Goals;TeamB_TotalXG;TeamB_XGPerShot;TeamB_PossessionShare;TeamB_ShotsTotal;TeamB_ShotsOnTarget;TeamB_ShotsBlocked;TeamB_ShotsWoodwork;TeamB_CornersWon;TeamB_LooseBallsWon;TeamB_PassesTotal;TeamB_PassesOpenPlay;TeamB_PassesCounterAttack;TeamB_PassesCorner;TeamB_PassesLooseBall;TeamB_XGOpenPlay;TeamB_XGCounterAttack;TeamB_XGCorner;TeamB_XGLooseBall
-15;0;0;0;0;15.06;1.7;4.92;0.17;0.19;0.071;40.5;2.09;0.93;0.67;0.13;0.38;2.13;136;129.1;1.9;0.8;4.3;0.11;0.03;0.02;0.03;2.08;2.12;0.239;59.5;8.87;4.84;2.39;0.4;1.31;2.79;200.1;166.3;25.6;2.6;5.6;1.14;0.6;0.15;0.22
-15;0;0;0;50;15.67;1.95;5.65;0.21;0.21;0.077;41.5;2.27;1.03;0.7;0.13;0.4;2.46;140.1;132.4;1.9;0.8;4.9;0.11;0.04;0.02;0.03;2.33;2.4;0.232;58.5;10.4;5.66;2.85;0.44;1.54;3.19;197.3;161.3;26.5;3.1;6.4;1.1;0.85;0.19;0.26
-15;0;0;0;100;16.39;2.34;6.53;0.25;0.24;0.083;41.3;2.41;1.15;0.74;0.13;0.44;2.87;145.6;137.2;1.8;0.9;5.7;0.11;0.05;0.03;0.04;2.87;2.98;0.237;58.7;12.6;6.88;3.37;0.59;1.9;3.66;206.6;154.1;41.4;3.8;7.3;1.06;1.37;0.22;0.32
-15;0;0;50;0;15.83;2.26;6.29;0.19;0.21;0.076;47.9;2.29;1.07;0.69;0.14;0.42;2.73;136.8;127.7;2.8;0.8;5.5;0.11;0.05;0.02;0.03;3.26;3.32;0.27;52.1;12.37;7.06;3.16;0.5;1.84;3.56;148.6;112.3;25.5;3.7;7.1;2.2;0.61;0.21;0.3
-15;0;0;50;50;16.02;2.67;7.56;0.21;0.21;0.077;48.4;2.19;0.98;0.72;0.12;0.4;3.28;139.9;130.7;1.9;0.8;6.6;0.11;0.05;0.02;0.03;4.39;4.38;0.273;51.6;16.11;9.21;4.01;0.7;2.27;4.28;148.8;109.3;26.3;4.5;8.6;2.87;0.86;0.28;0.38
-15;0;0;50;100;16.8;3.15;9.15;0.24;0.22;0.084;47.3;2.29;1.04;0.71;0.14;0.39;3.98;145;134.5;1.8;0.8;8;0.11;0.06;0.02;0.03;5.51;5.59;0.28;52.7;20.03;11.37;5.09;0.89;2.76;5.17;161.7;105.5;40.4;5.5;10.3;3.43;1.35;0.33;0.47
-15;0;0;100;0;17.25;2.64;7.55;0.27;0.28;0.086;54.7;2.96;1.34;0.94;0.16;0.54;3.28;138.3;124.9;5.8;1.1;6.6;0.11;0.1;0.03;0.04;4.36;4.28;0.286;45.3;15.04;8.82;3.78;0.59;2.1;4.27;114.3;76.7;24.9;4.2;8.5;3.09;0.59;0.25;0.34
-15;0;0;100;50;17.74;3.47;9.61;0.31;0.3;0.093;54.6;2.87;1.35;0.86;0.17;0.52;4.25;141.4;127;4.9;1;8.5;0.1;0.12;0.03;0.04;5.92;6.06;0.292;45.4;20.8;12.04;5.22;0.88;2.96;5.36;117.5;75.3;25.5;5.9;10.7;4.38;0.83;0.37;0.48
-15;0;0;100;100;17.81;3.91;11.17;0.31;0.29;0.095;52.6;2.73;1.3;0.88;0.13;0.48;4.89;145.6;131.4;3.5;1;9.8;0.11;0.12;0.02;0.04;7.16;7.3;0.294;47.4;24.86;14.41;6.2;1.08;3.42;6.29;131.3;72.4;39.4;6.8;12.6;4.99;1.33;0.41;0.57
-15;0;50;0;0;14.75;1.81;5.22;0.22;0.21;0.078;41.1;2.33;1.06;0.73;0.16;0.42;2.35;137.9;130.6;1.8;0.8;4.7;0.12;0.04;0.02;0.03;2.27;2.33;0.249;58.9;9.38;5.19;2.48;0.45;1.39;2.88;197.6;164.1;24.9;2.8;5.8;1.11;0.82;0.17;0.23
-15;0;50;0;50;15.42;2.08;6.05;0.26;0.25;0.084;42.3;2.56;1.26;0.8;0.13;0.45;2.63;142.4;134.5;1.8;0.9;5.3;0.12;0.06;0.03;0.04;2.8;2.79;0.248;57.7;11.28;6.27;2.99;0.52;1.63;3.42;194.1;158.2;25.8;3.3;6.8;1.08;1.24;0.19;0.28
-15;0;50;0;100;15.96;2.37;6.78;0.26;0.27;0.088;42.3;2.61;1.24;0.8;0.14;0.45;2.99;148;139.5;1.6;0.9;6;0.13;0.08;0.02;0.04;3.48;3.51;0.265;57.7;13.3;7.54;3.44;0.56;1.92;3.79;202;150.8;39.8;3.8;7.6;1.02;1.94;0.23;0.32
-15;0;50;50;0;15.38;2.29;6.44;0.24;0.24;0.082;48.6;2.55;1.24;0.75;0.14;0.49;2.85;138.3;128.8;2.8;1;5.7;0.11;0.07;0.03;0.03;3.46;3.48;0.276;51.4;12.64;7.2;3.17;0.57;1.8;3.59;146.4;111.2;24.5;3.6;7.2;2.16;0.81;0.21;0.3
-15;0;50;50;50;15.56;2.91;7.84;0.23;0.24;0.083;49.1;2.48;1.18;0.76;0.13;0.48;3.43;141.7;132.2;1.7;1;6.9;0.12;0.06;0.03;0.04;4.66;4.69;0.283;50.9;16.61;9.61;4.2;0.68;2.43;4.41;146.7;107.8;25.2;4.9;8.8;2.82;1.2;0.3;0.38
-15;0;50;50;100;16.33;3.38;9.48;0.29;0.28;0.093;48;2.6;1.23;0.81;0.15;0.45;4.09;147.8;136.1;2.6;0.9;8.2;0.12;0.09;0.03;0.04;6;6.09;0.296;52;20.67;12.06;5.1;0.89;2.92;5.4;159.7;103.9;39.1;5.8;10.8;3.35;1.91;0.36;0.47
-15;0;50;100;0;17.03;2.74;7.88;0.36;0.35;0.096;55;3.37;1.59;1.06;0.18;0.61;3.48;139;125.2;5.7;1.2;7;0.11;0.16;0.03;0.04;4.41;4.5;0.293;45;15.45;8.92;3.88;0.66;2.13;4.4;113.6;76.6;24;4.3;8.8;3.13;0.77;0.26;0.34
-15;0;50;100;50;17.36;3.55;10.08;0.39;0.38;0.105;55.7;3.37;1.6;1.02;0.18;0.61;4.47;145.7;128.6;7;1.2;8.9;0.12;0.18;0.04;0.04;6.23;6.34;0.298;44.3;21.35;12.31;5.31;0.93;2.94;5.62;116;74.3;24.6;5.9;11.2;4.32;1.2;0.35;0.48
-15;0;50;100;100;17.72;3.99;11.44;0.4;0.38;0.112;53.6;3.15;1.57;0.93;0.19;0.57;5.03;149.8;133.2;5.4;1.1;10.1;0.11;0.19;0.03;0.04;7.72;7.8;0.306;46.4;25.54;14.93;6.26;1.09;3.42;6.41;129.6;71.2;38.8;6.8;12.8;4.92;1.89;0.41;0.58
-15;0;100;0;0;14.55;1.97;5.6;0.27;0.25;0.084;41.9;2.64;1.27;0.81;0.13;0.49;2.49;140.6;131.9;2.8;1;5;0.12;0.06;0.02;0.04;2.61;2.58;0.255;58.1;10.16;5.66;2.71;0.45;1.48;3.12;195.4;162.2;24;3;6.2;1.12;1.04;0.18;0.24
-15;0;100;0;50;15.22;2.34;6.47;0.28;0.29;0.094;43.4;2.77;1.27;0.89;0.16;0.51;2.85;146.2;136.7;2.7;1;5.7;0.13;0.09;0.03;0.04;3.16;3.24;0.267;56.6;12.15;6.91;3.1;0.54;1.83;3.61;190.9;154.9;25.1;3.7;7.2;1.04;1.72;0.21;0.28
-15;0;100;0;100;15.67;2.54;7.24;0.34;0.32;0.098;43.3;2.94;1.47;0.88;0.16;0.56;3.21;151.6;141.4;2.6;1.1;6.4;0.14;0.11;0.03;0.04;3.86;3.97;0.281;56.7;14.11;8.09;3.54;0.69;1.98;4.03;198.6;147.9;38.7;4;8.1;0.99;2.4;0.24;0.34
-15;0;100;50;0;15.13;2.42;6.91;0.29;0.28;0.091;49.3;2.83;1.33;0.87;0.15;0.52;3.04;141.3;130.3;3.9;1;6.1;0.12;0.1;0.02;0.04;3.73;3.77;0.279;50.7;13.57;7.72;3.43;0.61;1.9;3.87;145.3;109.7;24;3.8;7.7;2.18;1.04;0.22;0.32
-15;0;100;50;50;15.44;2.96;8.38;0.28;0.28;0.091;50.2;2.76;1.32;0.87;0.14;0.53;3.73;145.4;134.3;2.6;1.1;7.5;0.13;0.09;0.03;0.04;5.01;5.11;0.294;49.8;17.41;10.11;4.34;0.77;2.43;4.65;144.4;105.7;24.5;4.9;9.3;2.76;1.66;0.29;0.4
-15;0;100;50;100;16.17;3.42;9.61;0.37;0.33;0.098;49.2;2.92;1.41;0.89;0.14;0.55;4.23;151;138.8;2.7;1.1;8.5;0.13;0.12;0.03;0.04;6.45;6.45;0.304;50.8;21.23;12.51;5.15;0.88;2.88;5.38;156;101.2;38.2;5.8;10.8;3.23;2.39;0.34;0.48
-15;0;100;100;0;16.75;3.05;8.6;0.47;0.45;0.107;56;4.02;2;1.18;0.21;0.75;3.76;144.1;126.5;8.6;1.5;7.5;0.12;0.23;0.04;0.06;4.7;4.76;0.292;44;16.37;9.51;4.1;0.7;2.29;4.84;113.1;75.7;23.1;4.6;9.7;3.1;1.02;0.27;0.38
-15;0;100;100;50;16.99;3.67;10.55;0.48;0.47;0.115;56.1;3.91;1.89;1.2;0.23;0.69;4.66;147.2;129.5;6.9;1.4;9.3;0.13;0.26;0.04;0.05;6.53;6.7;0.307;43.9;21.89;12.75;5.4;0.96;2.98;5.89;115.1;73.6;23.7;6;11.8;4.26;1.59;0.34;0.5
-15;0;100;100;100;17.09;4.06;11.8;0.5;0.47;0.124;54.1;3.62;1.77;1.06;0.2;0.61;5.17;150.5;133.7;5.2;1.2;10.3;0.13;0.26;0.03;0.05;7.94;8.14;0.314;45.9;25.94;15.26;6.42;1.04;3.45;6.62;127.5;70.9;36.5;6.9;13.2;4.87;2.27;0.42;0.58
-15;50;0;0;0;17.38;2.07;5.82;0.28;0.29;0.081;37;3.3;1.54;1.08;0.17;0.62;2.59;118.1;109.9;1.8;1.2;5.2;0.18;0.03;0.03;0.05;2.26;2.22;0.231;63;9.62;5.31;2.54;0.43;1.45;3.23;201.2;162.2;29.7;2.9;6.5;1.1;0.71;0.18;0.23
-15;50;0;0;50;18.13;2.47;6.87;0.32;0.31;0.084;38.2;3.43;1.61;1.1;0.19;0.66;3.02;122.5;113.3;1.8;1.3;6;0.18;0.04;0.04;0.05;2.54;2.59;0.222;61.8;11.68;6.33;3.18;0.57;1.81;3.85;198;156;30.6;3.6;7.7;1.05;1.03;0.22;0.29
-15;50;0;0;100;19.06;2.73;8;0.32;0.32;0.085;38.1;3.49;1.59;1.15;0.19;0.61;3.46;128.2;118.5;1.6;1.2;6.9;0.19;0.05;0.03;0.05;3.52;3.39;0.236;61.9;14.38;7.97;3.83;0.65;2.12;4.53;208.3;146.8;48.2;4.2;9.1;1.01;1.77;0.24;0.36
-15;50;0;50;0;17.76;2.48;7.04;0.31;0.31;0.083;44;3.48;1.57;1.16;0.19;0.61;3.13;118.4;108.2;2.7;1.2;6.3;0.18;0.05;0.03;0.05;3.37;3.34;0.263;56;12.75;7.24;3.23;0.57;1.87;3.91;150.7;110.2;29;3.7;7.8;2.14;0.69;0.22;0.29
-15;50;0;50;50;18.35;3.18;8.79;0.31;0.31;0.085;44.8;3.4;1.6;1.04;0.18;0.65;3.78;122.5;111.8;1.9;1.3;7.6;0.18;0.04;0.04;0.05;4.58;4.53;0.263;55.2;17.3;9.87;4.41;0.75;2.53;5.02;151.2;105.9;30.2;5.1;10;2.78;1.04;0.29;0.41
-15;50;0;50;100;19.29;3.7;10.52;0.36;0.33;0.085;43.6;3.54;1.65;1.14;0.2;0.65;4.62;128.1;115.8;1.8;1.3;9.2;0.19;0.06;0.03;0.05;5.82;5.88;0.275;56.4;21.42;12.23;5.43;0.94;3.05;5.9;165.7;101;46.8;6.1;11.8;3.29;1.73;0.36;0.5
-15;50;0;100;0;19.4;2.96;8.34;0.35;0.37;0.089;50.6;3.92;1.86;1.2;0.22;0.75;3.67;120.6;106.1;5.6;1.5;7.3;0.17;0.09;0.04;0.06;4.36;4.38;0.279;49.4;15.75;9.06;3.96;0.72;2.21;4.67;117.6;75.1;28.8;4.4;9.3;3.05;0.69;0.28;0.36
-15;50;0;100;50;19.81;3.76;10.71;0.4;0.39;0.092;50.8;3.96;1.84;1.26;0.21;0.73;4.75;124.3;108.8;4.5;1.5;9.5;0.17;0.11;0.04;0.06;6.05;6.09;0.283;49.2;21.54;12.36;5.43;0.91;3.03;5.96;120.4;73;29.4;6.1;11.9;4.25;0.99;0.35;0.5
-15;50;0;100;100;20.37;4.42;12.38;0.4;0.4;0.096;48.4;3.9;1.85;1.21;0.18;0.73;5.46;128.8;112.9;3.5;1.5;10.9;0.17;0.13;0.04;0.06;7.38;7.52;0.29;51.6;26.04;15.08;6.53;1.12;3.69;6.92;137;69.7;46.1;7.4;13.8;4.8;1.7;0.44;0.59
-15;50;50;0;0;17.17;2.4;6.83;0.41;0.42;0.085;37.9;4.66;2.16;1.48;0.24;0.88;2.96;121;111.6;1.7;1.8;5.9;0.26;0.04;0.05;0.07;2.46;2.49;0.24;62.1;10.39;5.68;2.76;0.49;1.52;3.86;198.6;159.1;28.8;3;7.7;1.06;0.99;0.19;0.26
-15;50;50;0;50;18.2;2.71;8.07;0.45;0.43;0.087;39.7;4.72;2.18;1.52;0.26;0.85;3.59;127;116.5;1.6;1.7;7.2;0.26;0.05;0.05;0.07;3.12;3.11;0.24;60.3;12.96;7.11;3.44;0.64;1.87;4.47;193.3;150.4;30.3;3.7;8.9;1.02;1.54;0.22;0.32
-15;50;50;0;100;19.1;3.19;9.12;0.5;0.48;0.09;39.4;5.14;2.4;1.64;0.23;0.97;3.95;132.5;121;1.6;1.9;7.9;0.28;0.08;0.06;0.07;3.82;3.98;0.259;60.6;15.4;8.49;4.1;0.72;2.22;5.17;204.1;142.2;47.1;4.4;10.3;0.96;2.38;0.26;0.38
-15;50;50;50;0;17.93;2.89;8.19;0.45;0.44;0.087;44.9;4.84;2.22;1.58;0.27;0.9;3.58;121.8;110.2;2.7;1.8;7.2;0.25;0.07;0.05;0.07;3.62;3.66;0.267;55.1;13.74;7.73;3.53;0.61;1.99;4.61;149.5;107.8;28.5;4;9.2;2.11;0.99;0.23;0.33
-15;50;50;50;50;18.4;3.46;9.93;0.41;0.42;0.087;46;4.67;2.15;1.51;0.23;0.87;4.42;126.7;114.5;1.6;1.7;8.8;0.26;0.05;0.05;0.07;4.88;4.96;0.273;54;18.23;10.29;4.74;0.77;2.6;5.51;148.6;102.6;29.8;5.2;11;2.7;1.52;0.32;0.43
-15;50;50;50;100;19.38;4.07;11.4;0.48;0.48;0.094;45.1;4.99;2.4;1.53;0.25;0.95;5.02;133.5;118.9;2.6;1.9;10;0.27;0.09;0.05;0.07;6.34;6.36;0.287;54.9;22.19;12.87;5.54;0.94;3.11;6.38;162.6;97.3;46.3;6.2;12.8;3.11;2.36;0.37;0.52
-15;50;50;100;0;19.51;3.19;9.36;0.51;0.53;0.094;51.4;5.4;2.46;1.71;0.31;0.93;4.12;123.5;107.7;5.7;1.9;8.2;0.24;0.16;0.05;0.08;4.58;4.58;0.282;48.6;16.35;9.28;4.18;0.71;2.27;5.25;116.9;73.8;28;4.5;10.5;2.96;0.97;0.26;0.39
-15;50;50;100;50;19.67;4;11.78;0.57;0.55;0.098;52.2;5.42;2.57;1.73;0.28;0.96;5.22;130;111.1;6.6;1.9;10.4;0.25;0.17;0.05;0.08;6.5;6.47;0.29;47.8;22.39;13.01;5.55;0.93;3.04;6.56;119;71.1;28.6;6.1;13.1;4.16;1.45;0.35;0.51
-15;50;50;100;100;20.21;4.74;13.38;0.6;0.58;0.101;49.9;5.53;2.63;1.76;0.3;1.02;5.85;134.3;115.7;4.9;2;11.7;0.27;0.18;0.05;0.08;7.86;7.97;0.3;50.1;26.68;15.58;6.72;1.08;3.71;7.53;134.8;67.4;44.9;7.4;15.1;4.64;2.26;0.44;0.63
-15;50;100;0;0;17.31;2.8;8.05;0.59;0.55;0.088;39.1;6.14;2.92;1.98;0.33;1.13;3.53;125.7;113.8;2.6;2.3;7.1;0.34;0.06;0.06;0.09;2.91;2.89;0.253;60.9;11.43;6.43;2.98;0.5;1.67;4.53;195.9;155.2;28.3;3.3;9.1;1.07;1.34;0.2;0.28
-15;50;100;0;50;18.28;3.16;9.13;0.61;0.6;0.091;39.2;6.46;3.03;2.04;0.34;1.2;3.94;131.7;119.1;2.3;2.4;7.9;0.36;0.08;0.06;0.1;3.79;3.75;0.268;60.8;14.01;7.89;3.65;0.61;1.96;5.19;204.6;145.7;44.6;3.9;10.4;0.97;2.21;0.24;0.34
-15;50;100;0;100;19.19;3.5;10.11;0.65;0.63;0.093;40.8;6.68;3.17;2.1;0.36;1.27;4.4;137.6;123.9;2.3;2.5;8.8;0.37;0.1;0.07;0.09;4.67;4.67;0.285;59.2;16.43;9.43;4.2;0.68;2.23;5.71;199.4;136.9;46.6;4.5;11.4;0.95;3.09;0.26;0.38
-15;50;100;50;0;18.13;3.18;9.33;0.57;0.58;0.091;46.1;6.28;2.85;1.98;0.37;1.13;4.02;126.7;112.4;4;2.3;8;0.33;0.1;0.06;0.09;4.05;4;0.273;53.9;14.7;8.46;3.74;0.64;2.05;5.3;148;105.1;28.2;4.1;10.6;2.03;1.36;0.24;0.36
-15;50;100;50;50;18.52;3.87;10.93;0.58;0.6;0.092;44.9;6.39;2.96;2.05;0.36;1.2;4.76;131.4;117.1;2.4;2.4;9.5;0.35;0.08;0.07;0.09;5.36;5.48;0.291;55.1;18.88;10.89;4.68;0.83;2.67;6.17;161.1;99.5;44;5.3;12.3;2.57;2.15;0.32;0.44
-15;50;100;50;100;19.46;4.24;12.4;0.68;0.63;0.093;46.2;6.57;3;2.12;0.37;1.15;5.39;137.3;121.8;2.4;2.3;10.8;0.36;0.11;0.07;0.1;7.05;6.98;0.303;53.8;23.07;13.56;5.65;1;3.09;7.01;159.8;93.8;45.8;6.2;14;3.02;3.06;0.36;0.53
-15;50;100;100;0;19.25;3.78;10.83;0.72;0.71;0.096;52.5;7.25;3.35;2.3;0.41;1.3;4.73;129.2;109.1;8.1;2.6;9.5;0.33;0.21;0.07;0.1;4.89;4.98;0.289;47.5;17.33;10.08;4.29;0.75;2.48;6.1;117;72.7;27.1;5;12.2;3;1.28;0.29;0.41
-15;50;100;100;50;20.06;4.56;12.85;0.75;0.75;0.103;50.3;7.16;3.45;2.19;0.37;1.38;5.67;134.3;113.6;6.5;2.8;11.3;0.33;0.24;0.08;0.1;6.95;7.04;0.303;49.7;23.31;13.66;5.77;0.94;3.19;7.19;132.7;69.1;42.9;6.4;14.4;4;2.1;0.39;0.54
-15;50;100;100;100;20.24;5.01;14.2;0.72;0.74;0.103;50.8;7.04;3.23;2.24;0.39;1.26;6.13;138;118.4;4.8;2.5;12.3;0.35;0.23;0.06;0.1;8.51;8.57;0.312;49.2;27.57;16.4;6.67;1.11;3.76;8.07;133.6;65.3;44.6;7.5;16.1;4.51;2.97;0.45;0.64
-15;100;0;0;0;18.4;2.3;6.56;0.4;0.38;0.084;27.2;4.35;2.08;1.35;0.23;0.83;2.88;75.6;66.3;1.8;1.7;5.8;0.24;0.03;0.05;0.06;2.29;2.24;0.227;72.8;9.85;5.34;2.71;0.43;1.47;3.68;202.5;161;31.1;2.9;7.4;1.08;0.75;0.17;0.24
-15;100;0;0;50;19.22;2.79;7.92;0.44;0.42;0.086;28.8;4.68;2.21;1.48;0.27;0.89;3.54;79.8;69.2;1.7;1.8;7.1;0.26;0.04;0.05;0.07;2.78;2.86;0.23;71.2;12.44;6.7;3.42;0.57;1.9;4.39;197.2;152.4;32.2;3.8;8.8;1.05;1.29;0.21;0.31
-15;100;0;0;100;20.22;3.25;9.03;0.45;0.45;0.087;29;4.93;2.34;1.54;0.28;0.94;4.07;84.4;72.7;1.6;1.9;8.1;0.27;0.05;0.05;0.07;3.54;3.52;0.232;71;15.19;8.3;4.06;0.69;2.31;4.96;206.9;141.8;50.6;4.6;9.9;0.94;1.94;0.28;0.36
-15;100;0;50;0;18.73;2.81;7.91;0.43;0.42;0.085;33.6;4.64;2.16;1.48;0.25;0.83;3.45;76.9;65.6;2.8;1.7;6.9;0.25;0.05;0.04;0.08;3.48;3.47;0.26;66.4;13.37;7.57;3.43;0.57;1.98;4.46;152.2;108.9;30.4;4;8.9;2.16;0.74;0.24;0.32
-15;100;0;50;50;19.48;3.35;9.68;0.38;0.4;0.085;34.6;4.48;1.96;1.46;0.25;0.79;4.22;80.1;68.3;1.7;1.6;8.4;0.25;0.04;0.04;0.06;4.57;4.7;0.266;65.4;17.75;9.97;4.57;0.81;2.56;5.46;151.4;103.3;32.1;5.1;10.9;2.67;1.29;0.3;0.44
-15;100;0;50;100;20.46;3.99;11.36;0.51;0.44;0.088;33.6;4.82;2.25;1.51;0.27;0.85;5.04;84.5;71;1.7;1.7;10.1;0.26;0.06;0.05;0.07;5.94;5.92;0.27;66.4;21.96;12.5;5.6;0.97;3.14;6.32;166.6;98;49.6;6.3;12.6;3.12;1.89;0.38;0.53
-15;100;0;100;0;20.32;3.1;9.16;0.46;0.46;0.089;40.2;4.98;2.35;1.58;0.25;0.94;4.09;80;64.3;5.6;1.9;8.2;0.23;0.1;0.05;0.07;4.29;4.39;0.276;59.8;15.93;8.94;4.18;0.74;2.16;5.08;118.7;74.2;30;4.3;10.2;3.02;0.72;0.26;0.38
-15;100;0;100;50;21.06;3.94;11.52;0.46;0.48;0.092;40.7;5.03;2.36;1.58;0.29;0.9;5.05;83.2;66.8;4.5;1.8;10.1;0.24;0.12;0.05;0.07;6.35;6.27;0.283;59.3;22.23;12.8;5.58;1;3.05;6.47;121.3;71;31.3;6.1;12.9;4.1;1.29;0.36;0.53
-15;100;0;100;100;21.44;4.67;13.32;0.48;0.49;0.093;38.3;5.08;2.33;1.63;0.29;0.9;5.77;86.1;69.3;3.4;1.8;11.5;0.25;0.12;0.05;0.06;7.5;7.56;0.285;61.7;26.59;15.42;6.65;1.14;3.77;7.54;138.9;67.6;48.6;7.5;15.1;4.64;1.85;0.45;0.63
-15;100;50;0;0;19.19;2.98;8.28;0.61;0.57;0.087;28.7;6.38;3.02;2.04;0.33;1.22;3.69;80;68.4;1.7;2.4;7.4;0.36;0.04;0.07;0.1;2.7;2.69;0.235;71.3;11.48;6.34;3.1;0.49;1.76;4.58;199.4;154.8;31.9;3.5;9.2;1.06;1.14;0.21;0.29
-15;100;50;0;50;20.34;3.33;9.34;0.59;0.58;0.087;28.6;6.44;2.98;2.02;0.36;1.21;4.13;84;71.7;1.6;2.4;8.3;0.36;0.05;0.07;0.09;3.46;3.41;0.241;71.4;14.15;7.83;3.75;0.61;2.12;5.21;210;144.8;50.5;4.2;10.4;0.96;1.86;0.25;0.33
-15;100;50;0;100;21.34;3.69;10.8;0.69;0.62;0.089;30.3;6.87;3.15;2.2;0.38;1.24;4.8;88.7;75.1;1.4;2.5;9.6;0.39;0.06;0.07;0.1;4.31;4.33;0.255;69.7;16.97;9.47;4.45;0.77;2.45;6;204;134.6;52.5;4.9;12;0.9;2.74;0.28;0.41
-15;100;50;50;0;19.64;3.33;9.48;0.62;0.58;0.087;35;6.49;3.02;2.06;0.37;1.21;4.22;81.1;67.6;2.5;2.4;8.4;0.36;0.06;0.07;0.09;3.75;3.77;0.262;65;14.48;8.13;3.79;0.66;2.12;5.26;150.8;104.7;31.3;4.2;10.5;2.07;1.11;0.24;0.35
-15;100;50;50;50;20.52;3.9;11.2;0.63;0.57;0.087;33.7;6.45;3.03;2;0.33;1.17;4.94;84.5;70.6;1.6;2.3;9.9;0.37;0.06;0.07;0.09;5.16;5.19;0.271;66.3;19.18;10.92;4.92;0.81;2.72;6.25;166.3;98.7;49.6;5.4;12.5;2.59;1.83;0.32;0.45
-15;100;50;50;100;21.48;4.57;13.09;0.59;0.63;0.091;35.2;6.86;3.22;2.15;0.4;1.27;5.75;89.8;73.5;2.3;2.5;11.5;0.39;0.08;0.07;0.1;6.46;6.59;0.283;64.8;23.34;13.38;5.93;1.03;3.3;7.34;165.6;93;51.3;6.6;14.7;2.99;2.65;0.39;0.56
-15;100;50;100;0;21.39;3.63;10.74;0.68;0.66;0.092;41.3;7.04;3.29;2.2;0.36;1.26;4.81;83.9;66.2;5.6;2.5;9.6;0.34;0.16;0.06;0.1;4.62;4.67;0.274;58.7;17.09;9.71;4.33;0.79;2.37;5.93;119.3;71.7;31;4.7;11.9;2.87;1.13;0.27;0.4
-15;100;50;100;50;22.01;4.62;13.11;0.69;0.69;0.095;39.3;7.07;3.35;2.21;0.37;1.31;5.81;89.5;68.8;6.4;2.6;11.6;0.35;0.16;0.07;0.1;6.65;6.73;0.287;60.7;23.53;13.54;5.94;1;3.3;7.3;138;68.3;48.6;6.6;14.6;3.99;1.79;0.39;0.55
-15;100;50;100;100;22.31;5.11;14.65;0.76;0.72;0.097;39.9;7.3;3.43;2.29;0.38;1.29;6.45;92.1;71.9;4.7;2.6;12.9;0.37;0.17;0.07;0.11;8.13;8.18;0.294;60.1;27.85;16.17;6.85;1.23;3.81;8.2;138.4;64.2;50.2;7.6;16.4;4.44;2.62;0.46;0.65
-15;100;100;0;0;20.17;3.38;9.58;0.7;0.66;0.087;30.3;7.43;3.47;2.33;0.4;1.39;4.28;84.7;70.8;2.5;2.8;8.6;0.42;0.06;0.08;0.11;3.2;3.28;0.246;69.7;13.37;7.46;3.49;0.63;2;5.3;195.2;147.6;33;4;10.6;1.02;1.68;0.25;0.34
-15;100;100;0;50;21.06;3.77;10.72;0.74;0.71;0.09;30.1;7.74;3.6;2.46;0.44;1.47;4.78;88.7;73.9;2.3;2.9;9.6;0.44;0.07;0.08;0.12;4.14;4.19;0.265;69.9;15.85;9.02;4.07;0.67;2.3;5.94;206.5;138.3;51.8;4.6;11.9;0.95;2.61;0.27;0.37
-15;100;100;0;100;22.36;4.24;11.95;0.79;0.75;0.091;32;8.13;3.78;2.57;0.42;1.51;5.26;93.6;77.9;2.1;3;10.5;0.46;0.09;0.08;0.11;5.24;5.38;0.282;68;19.11;10.99;4.8;0.84;2.73;6.69;199.6;126.3;54.5;5.5;13.4;0.87;3.75;0.33;0.43
-15;100;100;50;0;20.59;3.85;10.74;0.73;0.69;0.089;36.3;7.59;3.52;2.4;0.44;1.42;4.68;85.6;69.6;3.8;2.8;9.4;0.41;0.1;0.07;0.11;4.17;4.31;0.266;63.7;16.27;9.19;4.16;0.76;2.43;6.06;150.3;100.9;32.5;4.9;12.1;1.98;1.66;0.29;0.39
-15;100;100;50;50;21.49;4.34;12.37;0.73;0.7;0.09;35.1;7.64;3.51;2.5;0.41;1.36;5.46;89.1;73.1;2.4;2.7;10.9;0.43;0.08;0.08;0.11;5.88;5.9;0.285;64.9;20.77;12.06;5.15;0.93;2.98;6.92;165.1;93.8;51.4;6;13.8;2.47;2.6;0.35;0.48
-15;100;100;50;100;22.47;4.93;14.05;0.82;0.76;0.092;36.7;8.13;3.81;2.58;0.43;1.48;6.25;94.2;76.6;2.1;3;12.5;0.46;0.1;0.08;0.12;7.38;7.48;0.299;63.3;25.08;14.66;6.13;1.1;3.45;7.81;162.8;86.8;53.4;6.9;15.6;2.81;3.68;0.43;0.57
-15;100;100;100;0;21.68;4.21;11.87;0.86;0.82;0.095;42.6;8.48;4.03;2.59;0.47;1.59;5.15;89;67.7;7.8;3.2;10.3;0.41;0.2;0.09;0.12;5;5.13;0.279;57.4;18.42;10.48;4.65;0.81;2.62;6.72;119.8;69.7;31.4;5.2;13.4;2.82;1.57;0.29;0.44
-15;100;100;100;50;22.51;4.92;14.11;0.9;0.86;0.099;40.3;8.59;4.03;2.74;0.41;1.53;6.28;92.6;70.8;6.3;3.1;12.6;0.42;0.23;0.08;0.13;7.19;7.28;0.297;59.7;24.6;14.29;6.14;1.05;3.39;7.83;137.4;65.7;49.3;6.8;15.7;3.8;2.5;0.41;0.57
-15;100;100;100;100;23.32;5.44;15.71;0.89;0.87;0.1;40.9;8.58;3.93;2.77;0.46;1.52;6.9;95.9;74.4;4.7;3;13.8;0.44;0.23;0.08;0.12;8.86;8.86;0.306;59.1;28.97;17.13;7.07;1.15;3.92;8.82;138.4;60.8;52.2;7.8;17.6;4.17;3.57;0.45;0.67