SR;possesso50;possesso Min;possesso Max;xga50;xga Min;xga Max;xgb50;xgb Min;xgb Max
-3;46.0%;32.7%;59.3% (Zona Champions);1.27;0.54;2.38 (Media Premier);1.82;0.80 (Media Premier);3.39
-2;47.4%;34.1%;60.6% (Media Premier);1.39;0.60;2.61 (Bassa Premier);1.76 (Top Premier);0.76 (Bassa Premier);3.26
-1;48.7% (Top Premier);35.3%;61.8% (Media Premier);1.48 (Top Premier);0.63;2.70 (Bassa Premier);1.69 (Top Premier);0.76 (Bassa Premier);3.16
0;50.1% (Top Premier);36.7%;63.2% (Media Premier);1.57 (Top Premier);0.71;2.91 (Championship);1.58 (Top Premier);0.68 (Bassa Premier);2.94
1;51.4% (Top Premier);38.2%;64.7% (Media Premier);1.72 (Top Premier);0.74;3.15 (Championship);1.44 (Top Premier);0.62 (Bassa Premier);2.71
2;52.8% (Zona Champions);39.5%;66.1% (Bassa Premier);1.79 (Top Premier);0.75;3.30 (Championship);1.37 (Zona Champions);0.59 (Bassa Premier);2.58
3;54.1% (Zona Champions);40.8%;67.2% (Bassa Premier);1.83 (Zona Champions);0.79;3.38 (Championship);1.27 (Zona Champions);0.55 (Bassa Premier);2.40
4;55.1% (Zona Champions);42.3%;68.6% (Bassa Premier);1.94 (Zona Champions);0.87;3.57 (Categorie Inferiori);1.21 (Zona Champions);0.51 (Championship);2.30
5;56.5% (Zona Champions);43.5%;70.0% (Bassa Premier);2.08 (Zona Champions);0.91;3.85 (Categorie Inferiori);1.11 (Zona Champions);0.47 (Championship);2.07
6;57.9% (Zona Champions);44.9%;71.3% (Championship);2.17 (Zona Champions);0.97;4.01 (Categorie Inferiori);1.05 (Media Premier);0.44 (Championship);1.97
7;59.3% (Zona Champions);46.6%;72.5% (Championship);2.32 (Media Premier);1.02;4.23 (Categorie Inferiori);0.99 (Media Premier);0.40 (Championship);1.87
8;60.6% (Media Premier);47.9%;73.9% (Championship);2.46 (Media Premier);1.08;4.57 (Categorie Inferiori);0.92 (Media Premier);0.37 (Championship);1.77 (Top Premier)
9;62.1% (Media Premier);49.2% (Top Premier);75.1% (Championship);2.62 (Bassa Premier);1.16;4.83 (Categorie Inferiori);0.84 (Media Premier);0.32 (Categorie Inferiori);1.57 (Top Premier)
10;63.6% (Media Premier);51.0% (Top Premier);76.5% (Categorie Inferiori);2.67 (Bassa Premier);1.18;4.98 (Categorie Inferiori);0.77 (Bassa Premier);0.30 (Categorie Inferiori);1.45 (Top Premier)
11;64.9% (Media Premier);52.5% (Zona Champions);77.8% (Categorie Inferiori);2.80 (Bassa Premier);1.24;5.23;0.67 (Bassa Premier);0.27 (Categorie Inferiori);1.28 (Zona Champions)
12;66.5% (Bassa Premier);54.3% (Zona Champions);79.0% (Categorie Inferiori);2.94 (Championship);1.31;5.43;0.60 (Bassa Premier);0.24 (Categorie Inferiori);1.20 (Zona Champions)
13;68.1% (Bassa Premier);56.0% (Zona Champions);80.2% (Categorie Inferiori);3.11 (Championship);1.39;5.72;0.51 (Championship);0.20 (Categorie Inferiori);1.02 (Media Premier)
14;69.5% (Bassa Premier);57.9% (Zona Champions);81.3% (Categorie Inferiori);3.23 (Championship);1.44 (Top Premier);5.96;0.48 (Championship);0.19 (Categorie Inferiori);0.93 (Media Premier)
15;71.3% (Championship);59.4% (Zona Champions);82.7% (Categorie Inferiori);3.40 (Championship);1.48 (Top Premier);6.19;0.41 (Championship);0.19 (Categorie Inferiori);0.87 (Media Premier)
16;72.8% (Championship);61.6% (Media Premier);83.6% (Categorie Inferiori);3.47 (Categorie Inferiori);1.50 (Top Premier);6.40;0.36 (Championship);0.16 (Categorie Inferiori);0.75 (Bassa Premier)
17;74.4% (Championship);63.6% (Media Premier);84.8% (Categorie Inferiori);3.60 (Categorie Inferiori);1.57 (Top Premier);6.59;0.36 (Championship);0.16 (Categorie Inferiori);0.69 (Bassa Premier)
18;76.2% (Categorie Inferiori);65.9% (Media Premier);86.0%;3.78 (Categorie Inferiori);1.64 (Top Premier);6.86;0.35 (Championship);0.15 (Categorie Inferiori);0.68 (Bassa Premier)
19;77.9% (Categorie Inferiori);67.8% (Bassa Premier);87.0%;3.87 (Categorie Inferiori);1.71 (Top Premier);6.97;0.33 (Categorie Inferiori);0.14 (Categorie Inferiori);0.66 (Bassa Premier)
20;79.6% (Categorie Inferiori);70.2% (Bassa Premier);88.3%;3.93 (Categorie Inferiori);1.74 (Top Premier);7.12;0.33 (Categorie Inferiori);0.14 (Categorie Inferiori);0.67 (Bassa Premier)
